src,dst,weight
4,0,8.679679646878913
0,4,8.679679646878913
4,1,3.668616873284745
1,4,3.668616873284745
40,1,4.506556128944681
1,40,4.506556128944681
2,1,10.764457218675563
1,2,10.764457218675563
3,0,5.189230529312109
0,3,5.189230529312109
2,0,10.764457218675563
0,2,10.764457218675563